instance,n,axis,cell,strategy,balance_arm,span_coef,post_resequence,arc_lambda,arc_tau,seed,k,drops,travel_sec,balance,sigma_t_sec,crossings,worst_iou,interleave_per_route,walk_ratio,saturation_mean,sat_estimated,relleno_sec,deficit_sec,wall_clock_sec,t_osrm_sec,t_model_build_sec,t_first_solution_sec,t_metaheuristic_sec,t_extraction_sec
area-29-n43,43,config,actual+reseq,spatial_term,actual,0,True,0.0,27.6,1,1,0,1024,1.0,0,6,0.0,0.0,0.166,0.573,0.478,636,2040,94.06,0.001,0.006,0.009,93.998,0.0
reference-n1607,1607,config,actual,spatial_term,actual,0,False,0.0,44.1,1,25,0,60566,0.833,631,89,0.348,95.2,0.239,0.939,0.714,33510,9240,122.75,0.6,1.703,2.819,117.188,0.009
reference-n1607,1607,config,actual,spatial_term,actual,0,False,0.0,44.1,2,25,0,60566,0.833,631,88,0.348,95.2,0.239,0.939,0.714,33510,9240,122.63,0.609,1.662,2.655,117.351,0.006
reference-n1607,1607,config,actual,spatial_term,actual,0,False,0.0,44.1,3,25,0,60566,0.833,631,89,0.348,95.2,0.239,0.939,0.714,33510,9240,122.65,0.588,1.669,2.669,117.337,0.006
reference-n1607,1607,config,actual+reseq,spatial_term,actual,0,True,0.0,44.1,1,25,0,58818,0.829,632,64,0.35,95.2,0.234,0.932,0.714,31762,9240,122.65,0.559,1.661,2.726,117.279,0.006
reference-n1607,1607,config,actual+reseq,spatial_term,actual,0,True,0.0,44.1,2,25,0,58818,0.829,632,64,0.35,95.2,0.234,0.932,0.714,31762,9240,122.76,0.603,1.703,2.751,117.255,0.007
reference-n1607,1607,config,actual+reseq,spatial_term,actual,0,True,0.0,44.1,3,25,0,58818,0.829,632,64,0.35,95.2,0.234,0.932,0.714,31762,9240,122.72,0.604,1.675,2.723,117.284,0.006
reference-n1607,1607,config,upper-tmax-tmin9000,spatial_term,upper-tmax-tmin9000,0,False,0.0,44.1,1,25,0,60400,0.837,567,6,0.317,66.28,0.239,0.938,0.714,33344,8640,122.57,0.56,1.677,2.744,117.181,0.006
reference-n1607,1607,config,upper-tmax-tmin9000,spatial_term,upper-tmax-tmin9000,0,False,0.0,44.1,2,25,0,60365,0.837,567,6,0.317,66.28,0.238,0.938,0.714,33309,8640,122.62,0.593,1.667,2.682,117.323,0.006
reference-n1607,1607,config,upper-tmax-tmin9000,spatial_term,upper-tmax-tmin9000,0,False,0.0,44.1,3,25,0,60336,0.837,573,6,0.317,66.24,0.238,0.938,0.714,33280,8520,122.64,0.585,1.671,2.635,117.368,0.007
reference-n1607,1607,config,upper-tmax-tmin9000+reseq,spatial_term,upper-tmax-tmin9000,0,True,0.0,44.1,1,25,0,56766,0.801,624,51,0.32,66.28,0.227,0.924,0.714,29710,8640,122.69,0.615,1.653,2.732,117.271,0.006
reference-n1607,1607,config,upper-tmax-tmin9000+reseq,spatial_term,upper-tmax-tmin9000,0,True,0.0,44.1,2,25,0,56766,0.801,624,51,0.32,66.28,0.227,0.924,0.714,29710,8640,122.71,0.623,1.661,2.794,117.211,0.007
reference-n1607,1607,config,upper-tmax-tmin9000+reseq,spatial_term,upper-tmax-tmin9000,0,True,0.0,44.1,3,25,0,56759,0.801,626,51,0.32,66.28,0.227,0.924,0.714,29703,8640,122.74,0.663,1.663,2.756,117.248,0.006
area-26-n157,157,config,actual,spatial_term,actual,0,False,0.0,48.1,1,3,0,4962,0.877,456,0,0.11,4.33,0.208,0.734,0.581,2579,2760,120.13,0.007,0.02,0.043,119.957,0.001
area-26-n157,157,config,actual,spatial_term,actual,0,False,0.0,48.1,2,3,0,4962,0.877,456,0,0.11,4.33,0.208,0.734,0.581,2579,2760,120.08,0.006,0.016,0.043,119.958,0.002
area-26-n157,157,config,actual,spatial_term,actual,0,False,0.0,48.1,3,3,0,4962,0.877,456,0,0.11,4.33,0.208,0.734,0.581,2579,2760,120.09,0.007,0.017,0.043,119.984,0.001
area-26-n157,157,config,actual+reseq,spatial_term,actual,0,True,0.0,48.1,1,3,0,4835,0.874,466,4,0.11,4.33,0.204,0.731,0.581,2452,2760,120.1,0.007,0.027,0.047,119.953,0.001
area-26-n157,157,config,actual+reseq,spatial_term,actual,0,True,0.0,48.1,2,3,0,4835,0.874,466,4,0.11,4.33,0.204,0.731,0.581,2452,2760,120.08,0.006,0.017,0.044,119.956,0.001
area-26-n157,157,config,actual+reseq,spatial_term,actual,0,True,0.0,48.1,3,3,0,4835,0.874,466,4,0.11,4.33,0.204,0.731,0.581,2452,2760,120.06,0.006,0.017,0.043,119.956,0.001
area-26-n157,157,config,upper-tmax-tmin9000,spatial_term,upper-tmax-tmin9000,0,False,0.0,48.1,1,3,0,8140,0.995,17,2,0.107,8.0,0.302,0.833,0.581,5757,3000,120.12,0.007,0.018,0.044,119.956,0.001
area-26-n157,157,config,upper-tmax-tmin9000,spatial_term,upper-tmax-tmin9000,0,False,0.0,48.1,2,3,0,8140,0.995,17,2,0.107,8.0,0.302,0.833,0.581,5757,3000,120.06,0.006,0.016,0.043,119.959,0.001
area-26-n157,157,config,upper-tmax-tmin9000,spatial_term,upper-tmax-tmin9000,0,False,0.0,48.1,3,3,0,8140,0.995,17,2,0.107,8.0,0.302,0.833,0.581,5757,3000,120.06,0.006,0.016,0.047,119.954,0.001
area-26-n157,157,config,upper-tmax-tmin9000+reseq,spatial_term,upper-tmax-tmin9000,0,True,0.0,48.1,1,3,0,5711,0.802,776,7,0.11,8.0,0.233,0.758,0.581,3328,3000,120.09,0.007,0.019,0.045,119.956,0.001
area-26-n157,157,config,upper-tmax-tmin9000+reseq,spatial_term,upper-tmax-tmin9000,0,True,0.0,48.1,2,3,0,5711,0.802,776,7,0.11,8.0,0.233,0.758,0.581,3328,3000,120.01,0.007,0.016,0.043,119.886,0.001
area-26-n157,157,config,upper-tmax-tmin9000+reseq,spatial_term,upper-tmax-tmin9000,0,True,0.0,48.1,3,3,0,5711,0.802,776,7,0.11,8.0,0.233,0.758,0.581,3328,3000,120.06,0.006,0.016,0.045,119.953,0.001
area-27-n72,72,config,actual,spatial_term,actual,0,False,0.0,29.8,1,2,0,5738,1.0,0,6,0.631,25.5,0.399,0.666,0.4,5207,5760,120.09,0.002,0.006,0.016,119.984,0.001
area-27-n72,72,config,actual,spatial_term,actual,0,False,0.0,29.8,2,2,0,5738,1.0,0,6,0.631,25.5,0.399,0.666,0.4,5207,5760,120.03,0.002,0.004,0.015,119.984,0.0
area-27-n72,72,config,actual,spatial_term,actual,0,False,0.0,29.8,3,2,0,5738,1.0,0,6,0.631,25.5,0.399,0.666,0.4,5207,5760,120.07,0.002,0.004,0.014,119.985,0.001
area-27-n72,72,config,actual+reseq,spatial_term,actual,0,True,0.0,29.8,1,2,0,2538,0.807,597,3,0.63,25.5,0.227,0.517,0.4,2007,5760,120.06,0.002,0.007,0.016,119.984,0.0
area-27-n72,72,config,actual+reseq,spatial_term,actual,0,True,0.0,29.8,2,2,0,2538,0.807,597,3,0.63,25.5,0.227,0.517,0.4,2007,5760,120.03,0.002,0.004,0.014,119.984,0.0
area-27-n72,72,config,actual+reseq,spatial_term,actual,0,True,0.0,29.8,3,2,0,2538,0.807,597,3,0.63,25.5,0.227,0.517,0.4,2007,5760,120.03,0.002,0.004,0.014,119.984,0.0
area-27-n72,72,config,upper-tmax-tmin9000,spatial_term,upper-tmax-tmin9000,0,False,0.0,29.8,1,2,0,9332,1.0,2,27,0.646,26.0,0.519,0.832,0.4,8801,5760,120.1,0.002,0.006,0.015,120.02,0.0
area-27-n72,72,config,upper-tmax-tmin9000,spatial_term,upper-tmax-tmin9000,0,False,0.0,29.8,2,2,0,9332,1.0,2,27,0.646,26.0,0.519,0.832,0.4,8801,5760,120.03,0.002,0.004,0.015,119.986,0.0
area-27-n72,72,config,upper-tmax-tmin9000,spatial_term,upper-tmax-tmin9000,0,False,0.0,29.8,3,2,0,9332,1.0,2,27,0.646,26.0,0.519,0.832,0.4,8801,5760,120.04,0.002,0.004,0.014,119.985,0.0
area-27-n72,72,config,upper-tmax-tmin9000+reseq,spatial_term,upper-tmax-tmin9000,0,True,0.0,29.8,1,2,0,2410,0.885,337,4,0.65,26.0,0.218,0.512,0.4,1879,5760,120.06,0.002,0.007,0.015,119.985,0.0
area-27-n72,72,config,upper-tmax-tmin9000+reseq,spatial_term,upper-tmax-tmin9000,0,True,0.0,29.8,2,2,0,2410,0.885,337,4,0.65,26.0,0.218,0.512,0.4,1879,5760,120.03,0.002,0.004,0.014,119.985,0.0
area-27-n72,72,config,upper-tmax-tmin9000+reseq,spatial_term,upper-tmax-tmin9000,0,True,0.0,29.8,3,2,0,2410,0.885,337,4,0.65,26.0,0.218,0.512,0.4,1879,5760,120.02,0.002,0.004,0.014,119.985,0.0
area-29-n43,43,config,actual,spatial_term,actual,0,False,0.0,27.6,1,1,0,2022,1.0,0,0,0.0,0.0,0.282,0.665,0.478,1634,2040,94.06,0.001,0.004,0.007,93.993,0.0
area-29-n43,43,config,actual,spatial_term,actual,0,False,0.0,27.6,2,1,0,2022,1.0,0,0,0.0,0.0,0.282,0.665,0.478,1634,2040,94.02,0.001,0.002,0.006,93.994,0.0
area-29-n43,43,config,actual,spatial_term,actual,0,False,0.0,27.6,3,1,0,2022,1.0,0,0,0.0,0.0,0.282,0.665,0.478,1634,2040,94.01,0.001,0.002,0.006,93.984,0.0
area-29-n43,43,config,actual+reseq,spatial_term,actual,0,True,0.0,27.6,2,1,0,1024,1.0,0,6,0.0,0.0,0.166,0.573,0.478,636,2040,94.05,0.001,0.004,0.007,93.991,0.0
area-29-n43,43,config,actual+reseq,spatial_term,actual,0,True,0.0,27.6,3,1,0,1024,1.0,0,6,0.0,0.0,0.166,0.573,0.478,636,2040,94.02,0.001,0.002,0.006,93.994,0.0
area-29-n43,43,config,upper-tmax-tmin9000,spatial_term,upper-tmax-tmin9000,0,False,0.0,27.6,1,1,0,3821,1.0,0,15,0.0,0.0,0.425,0.832,0.478,3433,2040,94.06,0.001,0.004,0.007,93.992,0.0
area-29-n43,43,config,upper-tmax-tmin9000,spatial_term,upper-tmax-tmin9000,0,False,0.0,27.6,2,1,0,3821,1.0,0,15,0.0,0.0,0.425,0.832,0.478,3433,2040,94.02,0.001,0.002,0.007,93.993,0.0
area-29-n43,43,config,upper-tmax-tmin9000,spatial_term,upper-tmax-tmin9000,0,False,0.0,27.6,3,1,0,3821,1.0,0,15,0.0,0.0,0.425,0.832,0.478,3433,2040,94.02,0.001,0.002,0.006,93.993,0.0
area-29-n43,43,config,upper-tmax-tmin9000+reseq,spatial_term,upper-tmax-tmin9000,0,True,0.0,27.6,1,1,0,1069,1.0,0,2,0.0,0.0,0.172,0.577,0.478,681,2040,94.05,0.001,0.004,0.008,93.991,0.0
area-29-n43,43,config,upper-tmax-tmin9000+reseq,spatial_term,upper-tmax-tmin9000,0,True,0.0,27.6,2,1,0,1069,1.0,0,2,0.0,0.0,0.172,0.577,0.478,681,2040,94.02,0.001,0.002,0.007,93.993,0.0
area-29-n43,43,config,upper-tmax-tmin9000+reseq,spatial_term,upper-tmax-tmin9000,0,True,0.0,27.6,3,1,0,1069,1.0,0,2,0.0,0.0,0.172,0.577,0.478,681,2040,94.02,0.001,0.002,0.006,93.996,0.0
battery-n50,50,config,actual,spatial_term,actual,0,False,0.0,112.6,1,2,0,8399,0.998,8,5,0.186,10.5,0.583,0.667,0.278,6375,8400,105.06,0.001,0.005,0.009,104.991,0.0
battery-n50,50,config,actual,spatial_term,actual,0,False,0.0,112.6,2,2,0,8399,0.998,8,5,0.186,10.5,0.583,0.667,0.278,6375,8400,104.99,0.001,0.002,0.008,104.956,0.0
battery-n50,50,config,actual,spatial_term,actual,0,False,0.0,112.6,3,2,0,8399,0.998,8,5,0.186,10.5,0.583,0.667,0.278,6375,8400,105.02,0.001,0.002,0.008,104.987,0.0
battery-n50,50,config,actual+reseq,spatial_term,actual,0,True,0.0,112.6,1,2,0,4359,0.992,20,4,0.19,10.5,0.421,0.479,0.278,2335,8400,105.06,0.001,0.005,0.009,104.991,0.001
battery-n50,50,config,actual+reseq,spatial_term,actual,0,True,0.0,112.6,2,2,0,4359,0.992,20,4,0.19,10.5,0.421,0.479,0.278,2335,8400,105.02,0.001,0.002,0.008,104.99,0.0
battery-n50,50,config,actual+reseq,spatial_term,actual,0,True,0.0,112.6,3,2,0,4359,0.992,20,4,0.19,10.5,0.421,0.479,0.278,2335,8400,105.02,0.001,0.002,0.008,104.99,0.0
battery-n50,50,config,upper-tmax-tmin9000,spatial_term,upper-tmax-tmin9000,0,False,0.0,112.6,1,1,0,3419,1.0,0,0,0.0,0.0,0.363,0.872,0.556,1352,1200,105.06,0.001,0.005,0.01,104.989,0.0
battery-n50,50,config,upper-tmax-tmin9000,spatial_term,upper-tmax-tmin9000,0,False,0.0,112.6,2,1,0,3419,1.0,0,0,0.0,0.0,0.363,0.872,0.556,1352,1200,105.02,0.001,0.002,0.008,104.99,0.0
battery-n50,50,config,upper-tmax-tmin9000,spatial_term,upper-tmax-tmin9000,0,False,0.0,112.6,3,1,0,3419,1.0,0,0,0.0,0.0,0.363,0.872,0.556,1352,1200,105.02,0.001,0.002,0.008,104.99,0.0
battery-n50,50,config,upper-tmax-tmin9000+reseq,spatial_term,upper-tmax-tmin9000,0,True,0.0,112.6,1,1,0,3333,1.0,0,3,0.0,0.0,0.357,0.864,0.556,1266,1200,105.05,0.001,0.005,0.009,104.99,0.0
battery-n50,50,config,upper-tmax-tmin9000+reseq,spatial_term,upper-tmax-tmin9000,0,True,0.0,112.6,2,1,0,3333,1.0,0,3,0.0,0.0,0.357,0.864,0.556,1266,1200,105.02,0.001,0.002,0.008,104.99,0.0
battery-n50,50,config,upper-tmax-tmin9000+reseq,spatial_term,upper-tmax-tmin9000,0,True,0.0,112.6,3,1,0,3333,1.0,0,3,0.0,0.0,0.357,0.864,0.556,1266,1200,105.02,0.001,0.002,0.008,104.99,0.0
battery-n100,100,config,actual,spatial_term,actual,0,False,0.0,67.3,1,2,0,4244,0.946,226,3,0.017,3.0,0.261,0.752,0.556,1784,2400,120.07,0.003,0.009,0.022,119.977,0.0
battery-n100,100,config,actual,spatial_term,actual,0,False,0.0,67.3,2,2,0,4244,0.946,226,3,0.017,3.0,0.261,0.752,0.556,1784,2400,120.05,0.003,0.007,0.02,119.978,0.0
battery-n100,100,config,actual,spatial_term,actual,0,False,0.0,67.3,3,2,0,4244,0.946,226,3,0.017,3.0,0.261,0.752,0.556,1784,2400,120.05,0.003,0.007,0.02,119.979,0.001
battery-n100,100,config,actual+reseq,spatial_term,actual,0,True,0.0,67.3,1,2,0,3944,0.969,127,2,0.02,3.0,0.247,0.738,0.556,1484,2400,120.09,0.003,0.01,0.022,119.977,0.002
battery-n100,100,config,actual+reseq,spatial_term,actual,0,True,0.0,67.3,2,2,0,3944,0.969,127,2,0.02,3.0,0.247,0.738,0.556,1484,2400,120.04,0.004,0.007,0.023,119.976,0.001
battery-n100,100,config,actual+reseq,spatial_term,actual,0,True,0.0,67.3,3,2,0,3944,0.969,127,2,0.02,3.0,0.247,0.738,0.556,1484,2400,120.08,0.003,0.007,0.021,119.978,0.0
battery-n100,100,config,upper-tmax-tmin9000,spatial_term,upper-tmax-tmin9000,0,False,0.0,67.3,1,2,0,5961,1.0,2,4,0.065,5.0,0.332,0.831,0.556,3501,2400,120.11,0.004,0.012,0.028,119.995,0.001
battery-n100,100,config,upper-tmax-tmin9000,spatial_term,upper-tmax-tmin9000,0,False,0.0,67.3,2,2,0,5961,1.0,2,4,0.065,5.0,0.332,0.831,0.556,3501,2400,120.06,0.003,0.007,0.022,119.98,0.0
battery-n100,100,config,upper-tmax-tmin9000,spatial_term,upper-tmax-tmin9000,0,False,0.0,67.3,3,2,0,5961,1.0,2,4,0.065,5.0,0.332,0.831,0.556,3501,2400,120.04,0.003,0.007,0.022,119.978,0.0
battery-n100,100,config,upper-tmax-tmin9000+reseq,spatial_term,upper-tmax-tmin9000,0,True,0.0,67.3,1,2,0,4292,0.982,76,8,0.06,5.0,0.263,0.754,0.556,1832,2400,120.07,0.003,0.009,0.022,119.977,0.0
battery-n100,100,config,upper-tmax-tmin9000+reseq,spatial_term,upper-tmax-tmin9000,0,True,0.0,67.3,2,2,0,4292,0.982,76,8,0.06,5.0,0.263,0.754,0.556,1832,2400,120.04,0.003,0.007,0.021,119.979,0.0
battery-n100,100,config,upper-tmax-tmin9000+reseq,spatial_term,upper-tmax-tmin9000,0,True,0.0,67.3,3,2,0,4292,0.982,76,8,0.06,5.0,0.263,0.754,0.556,1832,2400,120.06,0.003,0.007,0.021,119.979,0.001
battery-n200,200,config,actual,spatial_term,actual,0,False,0.0,59.0,1,4,0,8254,0.832,617,2,0.128,15.75,0.256,0.747,0.556,4776,4800,120.14,0.01,0.028,0.064,119.935,0.001
battery-n200,200,config,actual,spatial_term,actual,0,False,0.0,59.0,2,4,0,8254,0.832,617,2,0.128,15.75,0.256,0.747,0.556,4776,4800,120.08,0.009,0.025,0.061,119.939,0.001
battery-n200,200,config,actual,spatial_term,actual,0,False,0.0,59.0,3,4,0,8254,0.832,617,2,0.128,15.75,0.256,0.747,0.556,4776,4800,120.08,0.009,0.025,0.06,119.939,0.001
battery-n200,200,config,actual+reseq,spatial_term,actual,0,True,0.0,59.0,1,4,0,7247,0.824,601,8,0.13,15.75,0.232,0.723,0.556,3769,4800,120.13,0.01,0.028,0.062,119.937,0.001
battery-n200,200,config,actual+reseq,spatial_term,actual,0,True,0.0,59.0,2,4,0,7247,0.824,601,8,0.13,15.75,0.232,0.723,0.556,3769,4800,120.09,0.009,0.025,0.06,119.94,0.001
battery-n200,200,config,actual+reseq,spatial_term,actual,0,True,0.0,59.0,3,4,0,7247,0.824,601,8,0.13,15.75,0.232,0.723,0.556,3769,4800,120.11,0.009,0.026,0.061,119.959,0.001
battery-n200,200,config,upper-tmax-tmin9000,spatial_term,upper-tmax-tmin9000,0,False,0.0,59.0,1,4,0,12024,0.99,38,4,0.65,75.0,0.334,0.834,0.556,8546,4800,120.14,0.01,0.028,0.063,119.936,0.001
battery-n200,200,config,upper-tmax-tmin9000,spatial_term,upper-tmax-tmin9000,0,False,0.0,59.0,2,4,0,12024,0.99,38,4,0.65,75.0,0.334,0.834,0.556,8546,4800,120.08,0.009,0.025,0.061,119.939,0.001
battery-n200,200,config,upper-tmax-tmin9000,spatial_term,upper-tmax-tmin9000,0,False,0.0,59.0,3,4,0,12024,0.99,38,4,0.65,75.0,0.334,0.834,0.556,8546,4800,120.09,0.009,0.025,0.06,119.94,0.001
battery-n200,200,config,upper-tmax-tmin9000+reseq,spatial_term,upper-tmax-tmin9000,0,True,0.0,59.0,1,4,0,10536,0.943,192,5,0.65,75.0,0.305,0.799,0.556,7058,4800,120.13,0.01,0.029,0.065,119.934,0.001
battery-n200,200,config,upper-tmax-tmin9000+reseq,spatial_term,upper-tmax-tmin9000,0,True,0.0,59.0,2,4,0,10536,0.943,192,5,0.65,75.0,0.305,0.799,0.556,7058,4800,120.07,0.009,0.026,0.064,119.923,0.001
battery-n200,200,config,upper-tmax-tmin9000+reseq,spatial_term,upper-tmax-tmin9000,0,True,0.0,59.0,3,4,0,10536,0.943,192,5,0.65,75.0,0.305,0.799,0.556,7058,4800,120.08,0.009,0.026,0.063,119.936,0.001
battery-n400,400,config,actual,spatial_term,actual,0,False,0.0,46.7,1,7,0,14557,0.987,43,2,0.446,48.71,0.233,0.828,0.635,9039,3600,120.28,0.039,0.105,0.203,119.799,0.002
battery-n400,400,config,actual,spatial_term,actual,0,False,0.0,46.7,2,7,0,14557,0.987,43,2,0.446,48.71,0.233,0.828,0.635,9039,3600,120.23,0.044,0.1,0.199,119.801,0.002
battery-n400,400,config,actual,spatial_term,actual,0,False,0.0,46.7,3,7,0,14557,0.987,43,2,0.446,48.71,0.233,0.828,0.635,9039,3600,120.25,0.038,0.101,0.203,119.796,0.003
battery-n400,400,config,actual+reseq,spatial_term,actual,0,True,0.0,46.7,1,7,0,13990,0.968,87,20,0.45,48.71,0.226,0.82,0.635,8472,3600,120.28,0.039,0.105,0.212,119.787,0.002
battery-n400,400,config,actual+reseq,spatial_term,actual,0,True,0.0,46.7,2,7,0,13990,0.968,87,20,0.45,48.71,0.226,0.82,0.635,8472,3600,120.24,0.038,0.102,0.201,119.799,0.002
battery-n400,400,config,actual+reseq,spatial_term,actual,0,True,0.0,46.7,3,7,0,13990,0.968,87,20,0.45,48.71,0.226,0.82,0.635,8472,3600,120.26,0.05,0.104,0.213,119.787,0.002
battery-n400,400,config,upper-tmax-tmin9000,spatial_term,upper-tmax-tmin9000,0,False,0.0,46.7,1,6,0,13730,0.836,604,7,0.294,50.17,0.222,0.953,0.741,8198,960,120.29,0.037,0.105,0.206,119.792,0.002
battery-n400,400,config,upper-tmax-tmin9000,spatial_term,upper-tmax-tmin9000,0,False,0.0,46.7,2,6,0,13730,0.836,604,7,0.294,50.17,0.222,0.953,0.741,8198,960,120.24,0.036,0.11,0.199,119.801,0.002
battery-n400,400,config,upper-tmax-tmin9000,spatial_term,upper-tmax-tmin9000,0,False,0.0,46.7,3,6,0,13730,0.836,604,7,0.294,50.17,0.222,0.953,0.741,8198,960,120.26,0.037,0.131,0.204,119.796,0.002
battery-n400,400,config,upper-tmax-tmin9000+reseq,spatial_term,upper-tmax-tmin9000,0,True,0.0,46.7,1,6,0,12222,0.82,616,30,0.29,50.17,0.203,0.929,0.741,6690,960,120.31,0.038,0.107,0.211,119.789,0.002
battery-n400,400,config,upper-tmax-tmin9000+reseq,spatial_term,upper-tmax-tmin9000,0,True,0.0,46.7,2,6,0,12222,0.82,616,30,0.29,50.17,0.203,0.929,0.741,6690,960,120.25,0.036,0.103,0.207,119.792,0.002
battery-n400,400,config,upper-tmax-tmin9000+reseq,spatial_term,upper-tmax-tmin9000,0,True,0.0,46.7,3,6,0,12222,0.82,616,30,0.29,50.17,0.203,0.929,0.741,6690,960,120.27,0.035,0.105,0.203,119.796,0.003
battery-n800,800,config,actual,spatial_term,actual,0,False,0.0,35.4,1,12,0,19725,0.851,663,29,0.492,66.83,0.17,0.893,0.741,10762,1200,120.86,0.177,0.426,0.765,119.238,0.005
battery-n800,800,config,actual,spatial_term,actual,0,False,0.0,35.4,2,12,0,19719,0.851,662,29,0.492,66.83,0.17,0.893,0.741,10756,1200,120.79,0.155,0.429,0.732,119.271,0.003
battery-n800,800,config,actual,spatial_term,actual,0,False,0.0,35.4,3,12,0,19662,0.851,622,29,0.492,66.92,0.17,0.892,0.741,10699,1200,120.73,0.155,0.407,0.73,119.272,0.003
battery-n800,800,config,actual+reseq,spatial_term,actual,0,True,0.0,35.4,1,12,0,19712,0.851,663,28,0.49,66.83,0.17,0.893,0.741,10749,1200,120.82,0.144,0.411,0.734,119.267,0.004
battery-n800,800,config,actual+reseq,spatial_term,actual,0,True,0.0,35.4,2,12,0,19760,0.851,625,28,0.49,66.83,0.171,0.893,0.741,10797,1200,120.76,0.156,0.419,0.741,119.259,0.004
battery-n800,800,config,actual+reseq,spatial_term,actual,0,True,0.0,35.4,3,12,0,19714,0.851,641,28,0.49,66.83,0.17,0.893,0.741,10751,1200,120.78,0.148,0.413,0.749,119.251,0.003
battery-n800,800,config,upper-tmax-tmin9000,spatial_term,upper-tmax-tmin9000,0,False,0.0,35.4,1,12,0,22400,0.839,562,5,0.476,63.42,0.189,0.914,0.741,13437,960,120.79,0.144,0.408,0.723,119.278,0.004
battery-n800,800,config,upper-tmax-tmin9000,spatial_term,upper-tmax-tmin9000,0,False,0.0,35.4,2,12,0,22400,0.839,562,5,0.476,63.42,0.189,0.914,0.741,13437,960,120.79,0.151,0.43,0.757,119.243,0.004
battery-n800,800,config,upper-tmax-tmin9000,spatial_term,upper-tmax-tmin9000,0,False,0.0,35.4,3,12,0,22400,0.839,562,5,0.476,63.42,0.189,0.914,0.741,13437,960,120.75,0.148,0.419,0.729,119.271,0.004
battery-n800,800,config,upper-tmax-tmin9000+reseq,spatial_term,upper-tmax-tmin9000,0,True,0.0,35.4,1,12,0,20134,0.84,554,31,0.48,63.42,0.173,0.896,0.741,11171,960,120.87,0.149,0.419,0.743,119.259,0.006
battery-n800,800,config,upper-tmax-tmin9000+reseq,spatial_term,upper-tmax-tmin9000,0,True,0.0,35.4,2,12,0,20134,0.84,554,31,0.48,63.42,0.173,0.896,0.741,11171,960,120.84,0.179,0.419,0.774,119.262,0.003
battery-n800,800,config,upper-tmax-tmin9000+reseq,spatial_term,upper-tmax-tmin9000,0,True,0.0,35.4,3,12,0,20134,0.84,554,31,0.48,63.42,0.173,0.896,0.741,11171,960,120.82,0.144,0.418,0.8,119.2,0.003
battery-n1000,1000,config,actual,spatial_term,actual,0,False,0.0,34.7,1,15,0,26615,0.838,503,56,0.543,80.73,0.182,0.905,0.741,15663,1560,121.16,0.23,0.649,1.116,118.888,0.005
battery-n1000,1000,config,actual,spatial_term,actual,0,False,0.0,34.7,2,15,0,26564,0.865,469,56,0.321,82.87,0.181,0.905,0.741,15612,1560,121.14,0.227,0.652,1.1,118.906,0.004
battery-n1000,1000,config,actual,spatial_term,actual,0,False,0.0,34.7,3,15,0,26615,0.838,503,56,0.543,80.73,0.182,0.905,0.741,15663,1560,121.12,0.229,0.642,1.119,118.882,0.005
battery-n1000,1000,config,actual+reseq,spatial_term,actual,0,True,0.0,34.7,1,15,0,25609,0.838,541,51,0.58,82.2,0.176,0.899,0.741,14657,1800,121.16,0.226,0.644,1.153,118.851,0.005
battery-n1000,1000,config,actual+reseq,spatial_term,actual,0,True,0.0,34.7,2,15,0,25597,0.851,482,51,0.54,80.73,0.176,0.899,0.741,14645,1560,121.16,0.241,0.639,1.116,118.887,0.004
battery-n1000,1000,config,actual+reseq,spatial_term,actual,0,True,0.0,34.7,3,15,0,25609,0.838,541,51,0.58,82.2,0.176,0.899,0.741,14657,1800,121.13,0.233,0.646,1.161,118.84,0.005
battery-n1000,1000,config,upper-tmax-tmin9000,spatial_term,upper-tmax-tmin9000,0,False,0.0,34.7,1,15,0,28670,0.842,633,5,0.355,66.53,0.193,0.918,0.741,17718,1800,121.15,0.246,0.643,1.134,118.863,0.005
battery-n1000,1000,config,upper-tmax-tmin9000,spatial_term,upper-tmax-tmin9000,0,False,0.0,34.7,2,15,0,28670,0.842,633,5,0.355,66.53,0.193,0.918,0.741,17718,1800,121.15,0.251,0.639,1.12,118.882,0.005
battery-n1000,1000,config,upper-tmax-tmin9000,spatial_term,upper-tmax-tmin9000,0,False,0.0,34.7,3,15,0,28670,0.842,633,5,0.355,66.53,0.193,0.918,0.741,17718,1800,121.14,0.261,0.641,1.125,118.887,0.004
battery-n1000,1000,config,upper-tmax-tmin9000+reseq,spatial_term,upper-tmax-tmin9000,0,True,0.0,34.7,1,15,0,25714,0.833,619,49,0.36,66.53,0.176,0.9,0.741,14762,1800,121.19,0.224,0.641,1.132,118.871,0.006
battery-n1000,1000,config,upper-tmax-tmin9000+reseq,spatial_term,upper-tmax-tmin9000,0,True,0.0,34.7,2,15,0,25714,0.833,619,49,0.36,66.53,0.176,0.9,0.741,14762,1800,121.24,0.26,0.651,1.135,118.867,0.004
battery-n1000,1000,config,upper-tmax-tmin9000+reseq,spatial_term,upper-tmax-tmin9000,0,True,0.0,34.7,3,15,0,25714,0.833,619,49,0.36,66.53,0.176,0.9,0.741,14762,1800,121.14,0.237,0.654,1.107,118.895,0.004
battery-sparse-n250,250,config,actual,spatial_term,actual,0,False,0.0,85.8,1,5,0,15734,0.946,221,2,0.129,37.4,0.344,0.847,0.556,7324,6000,120.18,0.017,0.047,0.091,119.909,0.001
battery-sparse-n250,250,config,actual,spatial_term,actual,0,False,0.0,85.8,2,5,0,15734,0.946,221,2,0.129,37.4,0.344,0.847,0.556,7324,6000,120.12,0.016,0.039,0.084,119.916,0.001
battery-sparse-n250,250,config,actual,spatial_term,actual,0,False,0.0,85.8,3,5,0,15734,0.946,221,2,0.129,37.4,0.344,0.847,0.556,7324,6000,120.2,0.016,0.039,0.084,119.999,0.001
battery-sparse-n250,250,config,actual+reseq,spatial_term,actual,0,True,0.0,85.8,1,5,0,15682,0.941,230,3,0.13,37.4,0.343,0.846,0.556,7272,6000,120.16,0.015,0.043,0.093,119.908,0.001
battery-sparse-n250,250,config,actual+reseq,spatial_term,actual,0,True,0.0,85.8,2,5,0,15682,0.941,230,3,0.13,37.4,0.343,0.846,0.556,7272,6000,120.12,0.015,0.042,0.086,119.918,0.001
battery-sparse-n250,250,config,actual+reseq,spatial_term,actual,0,True,0.0,85.8,3,5,0,15682,0.941,230,3,0.13,37.4,0.343,0.846,0.556,7272,6000,120.12,0.015,0.04,0.087,119.917,0.001
battery-sparse-n250,250,config,upper-tmax-tmin9000,spatial_term,upper-tmax-tmin9000,0,False,0.0,85.8,1,5,0,17231,0.905,417,2,0.202,11.4,0.365,0.875,0.556,8821,6001,120.18,0.015,0.043,0.087,119.914,0.001
battery-sparse-n250,250,config,upper-tmax-tmin9000,spatial_term,upper-tmax-tmin9000,0,False,0.0,85.8,2,5,0,17231,0.905,417,2,0.202,11.4,0.365,0.875,0.556,8821,6001,120.12,0.015,0.039,0.084,119.918,0.001
battery-sparse-n250,250,config,upper-tmax-tmin9000,spatial_term,upper-tmax-tmin9000,0,False,0.0,85.8,3,5,0,17231,0.905,417,2,0.202,11.4,0.365,0.875,0.556,8821,6001,120.12,0.015,0.04,0.083,119.918,0.001
battery-sparse-n250,250,config,upper-tmax-tmin9000+reseq,spatial_term,upper-tmax-tmin9000,0,True,0.0,85.8,1,5,0,16054,0.886,487,6,0.2,11.4,0.349,0.853,0.556,7644,6000,120.17,0.017,0.043,0.091,119.911,0.001
battery-sparse-n250,250,config,upper-tmax-tmin9000+reseq,spatial_term,upper-tmax-tmin9000,0,True,0.0,85.8,2,5,0,16054,0.886,487,6,0.2,11.4,0.349,0.853,0.556,7644,6000,120.12,0.016,0.039,0.086,119.908,0.001
battery-sparse-n250,250,config,upper-tmax-tmin9000+reseq,spatial_term,upper-tmax-tmin9000,0,True,0.0,85.8,3,5,0,16054,0.886,487,6,0.2,11.4,0.349,0.853,0.556,7644,6000,120.12,0.017,0.04,0.083,119.918,0.001
battery-sparse-n500,500,config,actual,spatial_term,actual,0,False,0.0,56.9,1,9,0,23083,0.844,572,13,0.587,76.89,0.278,0.855,0.617,13641,5640,120.4,0.059,0.173,0.309,119.693,0.002
battery-sparse-n500,500,config,actual,spatial_term,actual,0,False,0.0,56.9,2,9,0,22983,0.829,587,12,0.587,76.89,0.277,0.854,0.617,13541,5640,120.34,0.057,0.158,0.297,119.704,0.003
battery-sparse-n500,500,config,actual,spatial_term,actual,0,False,0.0,56.9,3,9,0,22983,0.829,587,12,0.587,76.89,0.277,0.854,0.617,13541,5640,120.33,0.057,0.162,0.297,119.706,0.002
battery-sparse-n500,500,config,actual+reseq,spatial_term,actual,0,True,0.0,56.9,1,9,0,22095,0.814,647,17,0.59,76.89,0.269,0.845,0.617,12653,5640,120.4,0.058,0.165,0.304,119.698,0.003
battery-sparse-n500,500,config,actual+reseq,spatial_term,actual,0,True,0.0,56.9,2,9,0,22095,0.814,647,17,0.59,76.89,0.269,0.845,0.617,12653,5640,120.35,0.058,0.17,0.299,119.703,0.002
battery-sparse-n500,500,config,actual+reseq,spatial_term,actual,0,True,0.0,56.9,3,9,0,22095,0.814,647,17,0.59,76.89,0.269,0.845,0.617,12653,5640,120.32,0.056,0.16,0.295,119.695,0.002
battery-sparse-n500,500,config,upper-tmax-tmin9000,spatial_term,upper-tmax-tmin9000,0,False,0.0,56.9,1,8,0,20950,0.851,513,4,0.144,23.25,0.259,0.937,0.694,11488,1320,120.38,0.063,0.162,0.303,119.678,0.002
battery-sparse-n500,500,config,upper-tmax-tmin9000,spatial_term,upper-tmax-tmin9000,0,False,0.0,56.9,2,8,0,20950,0.851,513,4,0.144,23.25,0.259,0.937,0.694,11488,1320,120.34,0.065,0.159,0.298,119.703,0.002
battery-sparse-n500,500,config,upper-tmax-tmin9000,spatial_term,upper-tmax-tmin9000,0,False,0.0,56.9,3,8,0,20950,0.851,513,4,0.144,23.25,0.259,0.937,0.694,11488,1320,120.35,0.061,0.16,0.299,119.703,0.003
battery-sparse-n500,500,config,upper-tmax-tmin9000+reseq,spatial_term,upper-tmax-tmin9000,0,True,0.0,56.9,1,8,0,19604,0.854,454,19,0.14,25.0,0.246,0.921,0.694,10142,1200,120.4,0.062,0.165,0.315,119.686,0.002
battery-sparse-n500,500,config,upper-tmax-tmin9000+reseq,spatial_term,upper-tmax-tmin9000,0,True,0.0,56.9,2,8,0,19644,0.854,471,20,0.14,23.25,0.247,0.922,0.694,10182,1320,120.35,0.056,0.167,0.315,119.687,0.002
battery-sparse-n500,500,config,upper-tmax-tmin9000+reseq,spatial_term,upper-tmax-tmin9000,0,True,0.0,56.9,3,8,0,19644,0.854,471,20,0.14,23.25,0.247,0.922,0.694,10182,1320,120.35,0.056,0.163,0.303,119.698,0.003
